file_name,text,entities,Language,source,Label_counts,number_of_annotations,doi
97dda154-93d3-4685-beff-9124e7346d68.txt,"Title: 
 Abundance of different microorganism groups in soil and roots in a field trial on starter fertilization and application of plant growth-promoting microorganisms
Abstract_text_1: 
 Abundance of different microorganism groups in soil and roots in a field trial on starter fertilization and application of plant growth-promoting microorganisms.
Abstract_text_2: 
 Fertilizer experiments were carried out as plot trials on maize fields over the years 2021, 2022 and 2023. The fields investigated were Wanna Sand (WS), Wanna Sand without biogas slurry (WSo), Rostock Sand (RS) and Wanna Marsch (WM). On the WS and WM fields, 30 m³ of biogas slurry was applied before the experiment. Starter fertilization was carried out with diammonium phosphate (DAP), microgranular fertilizer (MG) and without (control). In addition, a microorganism preparation (MO) consisting of three mycorrhizal species: R. irregulare, F. mosseae, F. caledonium and Bacillus atrophaeus Abi05 was applied to half of the plots. Soil samples were taken between April and August each year. During the vegetation period, the soil was sampled in and between the maize rows. At some sampling times, additional mixed samples were taken plot by plot. Before the experimental setup samples were taken in blocks or randomly. The abundances of the following microorganism groups were determined using qPCR: Acidobacteria, Actinobacteria, Alpha-Proteobacteria, Beta-Proteobacteria, Cyanobacteria, Firmicutes, Alternaria, Fusarium, Bacillus atrophaeus Abi05 and total fungal population. In addition to the soil samples, root samples were also taken at certain times. The rate of mycorrhization was determined and in some cases DNA was extracted and qPCR measurements were carried out. This table contains the Index of the data collection. Related datasets are listed in the metadata element 'Related Identifier'. Dataset version 1.0
Keywords: 
 Soil, maize, field experimentation, soil microorganisms, Fungi, Bacteria, arbuscular mycorrhiza, quantitative polymerase chain reaction, fertilization, opendata, Boden, Europe, Germany, Lower Saxony, Wanna, Mecklenburg-Vorpommern, Rostock
","[{""entity_group"": ""cropSpecies"", ""word"": ""maize"", ""start"": 428, ""end"": 433}, {""entity_group"": ""startTime"", ""word"": ""2021"", ""start"": 456, ""end"": 460}, {""entity_group"": ""startTime"", ""word"": ""2022"", ""start"": 462, ""end"": 466}, {""entity_group"": ""endTime"", ""word"": ""2023"", ""start"": 471, ""end"": 475}, {""entity_group"": ""soilTexture"", ""word"": ""Wanna Sand"", ""start"": 506, ""end"": 516}, {""entity_group"": ""soilTexture"", ""word"": ""WS"", ""start"": 518, ""end"": 520}, {""entity_group"": ""soilTexture"", ""word"": ""Wanna Sand"", ""start"": 523, ""end"": 533}, {""entity_group"": ""soilTexture"", ""word"": ""WSo"", ""start"": 557, ""end"": 560}, {""entity_group"": ""soilTexture"", ""word"": ""Rostock Sand"", ""start"": 563, ""end"": 575}, {""entity_group"": ""soilTexture"", ""word"": ""RS"", ""start"": 577, ""end"": 579}, {""entity_group"": ""soilTexture"", ""word"": ""Wanna Marsch"", ""start"": 585, ""end"": 597}, {""entity_group"": ""soilTexture"", ""word"": ""WM"", ""start"": 599, ""end"": 601}, {""entity_group"": ""startTime"", ""word"": ""April"", ""start"": 1035, ""end"": 1040}, {""entity_group"": ""endTime"", ""word"": ""August"", ""start"": 1045, ""end"": 1051}, {""entity_group"": ""cropSpecies"", ""word"": ""maize"", ""start"": 1133, ""end"": 1138}, {""entity_group"": ""cropSpecies"", ""word"": ""Beta"", ""start"": 1425, ""end"": 1429}, {""entity_group"": ""cropSpecies"", ""word"": ""maize"", ""start"": 1914, ""end"": 1919}, {""entity_group"": ""locationName"", ""word"": ""Germany"", ""start"": 2085, ""end"": 2092}, {""entity_group"": ""locationName"", ""word"": ""Mecklenburg"", ""start"": 2115, ""end"": 2126}, {""entity_group"": ""locationName"", ""word"": ""Rostock"", ""start"": 2139, ""end"": 2146}]",en,BonaRes,"Counter({'soilTexture': 8, 'cropSpecies': 4, 'startTime': 3, 'locationName': 3, 'endTime': 2})",20,https://doi.org/10.4228/zalf-3wp6-v631
286a674c-1bcd-4a35-b78f-7e980a89d6fa.txt,"Title: 
 Microclimatic data along a gradient from kettle holes to agricultural fields in the AgroScapeLabs Quillow 2019
Abstract_text_1: 
 Microclimatic data along a gradient from kettle holes to agricultural fields in the AgroScapeLabs Quillow 2019.
Abstract_text_2: 
 Ten kettle holes within six agricultural fields (crop: winter wheat) were selected for monitoring microclimatic conditions around the kettle holes. For this purpose we have established a transect starting from the edge of the kettle holes up to 50 m into the surrounding wheat fields. As a control, transects were established from the field edge into the wheat field. Along these transects microclimatic observation stations were installed at 5 different distances (-1m; 1m; 5m; 20m; 50m). At each point air temperature and air humidity were monitored during the growing season of wheat plants (between April and June 2019) Research domain: Ecology of Agricultural Landscapes
Keywords: 
 climatic factors, environmental factors, measurement, production location, climate system, ecosystems, opendata, Boden, Bewirtschaftungsgebiete/Schutzgebiete/geregelte Gebiete und Berichterstattungseinheiten, Lebensräume und Biotope, Meteorologisch-geografische Kennwerte, Germany, Brandenburg, Uckermark, Quillow
","[{""entity_group"": ""startTime"", ""word"": ""2019"", ""start"": 115, ""end"": 119}, {""entity_group"": ""region"", ""word"": ""Quillow"", ""start"": 237, ""end"": 244}, {""entity_group"": ""startTime"", ""word"": ""2019"", ""start"": 245, ""end"": 249}, {""entity_group"": ""cropSpecies"", ""word"": ""wheat"", ""start"": 332, ""end"": 337}, {""entity_group"": ""cropSpecies"", ""word"": ""wheat"", ""start"": 541, ""end"": 546}, {""entity_group"": ""cropSpecies"", ""word"": ""wheat"", ""start"": 625, ""end"": 630}, {""entity_group"": ""cropSpecies"", ""word"": ""wheat"", ""start"": 851, ""end"": 856}, {""entity_group"": ""startTime"", ""word"": ""April"", ""start"": 873, ""end"": 878}, {""entity_group"": ""endTime"", ""word"": ""June 2019"", ""start"": 883, ""end"": 892}, {""entity_group"": ""country"", ""word"": ""Germany"", ""start"": 1231, ""end"": 1238}, {""entity_group"": ""locationName"", ""word"": ""Brandenburg"", ""start"": 1240, ""end"": 1251}, {""entity_group"": ""locationName"", ""word"": ""Uckermark"", ""start"": 1253, ""end"": 1262}, {""entity_group"": ""region"", ""word"": ""Quillow"", ""start"": 1264, ""end"": 1271}]",en,BonaRes,"Counter({'cropSpecies': 4, 'startTime': 3, 'region': 2, 'locationName': 2, 'endTime': 1, 'country': 1})",13,https://doi.org/10.4228/zalf-q0k0-ed73
98833.txt,"Title: 
Bodendruck, -setzung und Änderungen bodenphysikalischer Parameter durch Befahrung mit einem Mähdrescher im Jahr 2017

Abstract:
Dieser Datensatz enthält Bodendaten aus einem Befahrungsversuch mit einem landwirtschaftlichen Fahrzeug (2-achsiger Mähdrescher mit Bunker; Gesamtgewicht: 17 t). Der Versuch fand 2017 während der Ernte statt. Der Boden, eine pseudovergleyte Parabraunerde aus Löss, wurde bis 28 cm Tiefe bearbeitet. Der Mähdrescher fuhr nacheinander über definierte Plots. Im Kernfeldbereich wurden zwei und im Vorgewende acht Überrollungen durchgeführt. Vor den Befahrungen wurde je Variante eine, nach den Befahrungen zwei Gruben ausgehoben. Folgende Messungen wurde in 20, 35 und 50 cm Tiefe je Grube durchgeführt: Bodendruck und plastische Bodensetzung Wasserretentionseigenschaften, Lagerungsdichte und gesättigte hydr. Leitfähigkeit (100 cm3 Stechzylinder; je 5 Wiederholungen pro Grube und Tiefe). Daraus abgeleitet wurden Gesamtporenvolumen, Luftkapazität, Feldkapazität, permanenter Welkepunkt und Trocken-rohdichte Bioporen wurden in jeder Grube und Tiefe gezählt

","[{""entity_group"": ""startTime"", ""word"": ""2017"", ""start"": 120, ""end"": 124}, {""entity_group"": ""startTime"", ""word"": ""2017"", ""start"": 315, ""end"": 319}, {""entity_group"": ""soilReferenceGroup"", ""word"": ""pseudovergleyte Parabraunerde"", ""start"": 361, ""end"": 390}, {""entity_group"": ""soilTexture"", ""word"": ""Löss"", ""start"": 395, ""end"": 399}, {""entity_group"": ""soilDepth"", ""word"": ""28 cm"", ""start"": 411, ""end"": 416}, {""entity_group"": ""soilDepth"", ""word"": ""20"", ""start"": 691, ""end"": 693}, {""entity_group"": ""soilDepth"", ""word"": ""35"", ""start"": 695, ""end"": 697}, {""entity_group"": ""soilDepth"", ""word"": ""50 cm"", ""start"": 702, ""end"": 707}, {""entity_group"": ""locationName"", ""word"": ""Grube"", ""start"": 1069, ""end"": 1074}]",de,OpenAgrar,"Counter({'soilDepth': 4, 'startTime': 2, 'soilReferenceGroup': 1, 'soilTexture': 1, 'locationName': 1})",9,10.20387/bonares-0kxj-bv82
b963432a-9114-4cc0-8387-536c333bc123.txt,"Title: 
 Lysimeter data Rostock: Redox potential, pH and element concentrations of pore water in 2020
Abstract_text_1: 
 Lysimeter data Rostock: Redox potential, pH and element concentrations of pore water in 2020.
Abstract_text_2: 
 The dataset contains soil pore water data from three sampling depths of three soil profiles from along a hill slope in Northern Germany. Data inform about weekly redox potential (Eh), pH and element concentrations (TC, IC, OC, TN, NH4+ -N, NO2- -N, NO3- -N, PO43- -P, total Ca, P, Fe, Al, and Mn) in filtered (0.45 µm) soil pore water samples collected in 2020. Research domain: Soil Sciences Research question: Controlled drainage may affect phosphorus mobilization in soil. To assess P mobilization at different redox conditions, three soil profiles with redoximorphic features were selected along a slight hill slope and lysimeter monoliths were collected by drilling in 2018. Lysimeters had been cropped with spring barley and catch-cropped with serradella in 2019. Also in 2020, lysimeters were cropped with spring barley and water levels of the monoliths were adjusted to high and low water table to mimic closed and open drainage, respectively. The redox potential (Eh) was measured in situ and pore water was sampled weekly from three different depths of the lysimeters to determine pH and the element concentrations total C, N, P, Al, Fe, Mn, and Ca as well as inorganic and organic C (DIC, DOC), PO43--P, NH4+-N, NO2-- and NO3--N- in solutions (0.45 µm). Thus, information about different element concentrations at different redox potentials and pH was gained over a period of about 3.5 months in 2020.
Keywords: 
 , specific UV absorbance (SUVA), Boden, Bodenwasser, Phosphor, Gel√∂ster organischer Kohlenstoff, Kohlenstoff, Nitrat, Nitrit, Aluminium, Calcium, Eisen, pH-Wert, Phosphat, Ammonium, Stickstoff
","[{""entity_group"": ""city"", ""word"": ""Rostock"", ""start"": 24, ""end"": 31}, {""entity_group"": ""soilPH"", ""word"": ""pH"", ""start"": 50, ""end"": 52}, {""entity_group"": ""startTime"", ""word"": ""2020"", ""start"": 97, ""end"": 101}, {""entity_group"": ""city"", ""word"": ""Rostock"", ""start"": 136, ""end"": 143}, {""entity_group"": ""soilPH"", ""word"": ""pH"", ""start"": 162, ""end"": 164}, {""entity_group"": ""startTime"", ""word"": ""2020"", ""start"": 209, ""end"": 213}, {""entity_group"": ""region"", ""word"": ""Northern Germany"", ""start"": 353, ""end"": 369}, {""entity_group"": ""soilPH"", ""word"": ""pH"", ""start"": 418, ""end"": 420}, {""entity_group"": ""soilOrganicCarbon"", ""word"": ""OC"", ""start"": 457, ""end"": 459}, {""entity_group"": ""startTime"", ""word"": ""2020"", ""start"": 590, ""end"": 594}, {""entity_group"": ""startTime"", ""word"": ""2018"", ""start"": 908, ""end"": 912}, {""entity_group"": ""cropSpecies"", ""word"": ""barley"", ""start"": 954, ""end"": 960}, {""entity_group"": ""Crops"", ""word"": ""serradella"", ""start"": 984, ""end"": 994}, {""entity_group"": ""startTime"", ""word"": ""2019"", ""start"": 998, ""end"": 1002}, {""entity_group"": ""startTime"", ""word"": ""2020"", ""start"": 1012, ""end"": 1016}, {""entity_group"": ""cropSpecies"", ""word"": ""barley"", ""start"": 1054, ""end"": 1060}, {""entity_group"": ""Soil"", ""word"": ""pH"", ""start"": 1325, ""end"": 1327}, {""entity_group"": ""soilOrganicCarbon"", ""word"": ""organic C"", ""start"": 1418, ""end"": 1427}, {""entity_group"": ""duration"", ""word"": ""about 3.5 months"", ""start"": 1621, ""end"": 1637}, {""entity_group"": ""startTime"", ""word"": ""2020"", ""start"": 1641, ""end"": 1645}, {""entity_group"": ""soilPH"", ""word"": ""pH-Wert"", ""start"": 1813, ""end"": 1820}]",en,BonaRes,"Counter({'startTime': 7, 'soilPH': 4, 'city': 2, 'soilOrganicCarbon': 2, 'cropSpecies': 2, 'region': 1, 'Crops': 1, 'Soil': 1, 'duration': 1})",21,https://doi.org/10.20387/bonares-da6f-8z36
9b296f99-f6a0-423c-9716-6a04fd2e502f.txt,"Title: 
 Soil Bacterial Community IOSDV Speyer, Germany
Abstract_text_1: 
 Soil Bacterial Community IOSDV Speyer, Germany     .
Abstract_text_2: 
 Organic and mineral fertilization in combination are relevant factors which are controlling availability of mineral nutrients and humus development. In contrast to mineral fertilizer, humus acts as long-term source of nutrients and is a basis element of soil fertility. The international fertilization trial (IOSDV) at the research facility Rinkenbergerhof at the LUFA Speyer (Germany) was set up in the year 1984 and planted with a repeating crop rotation: winter wheat, winter barley, and sugar beet. This data set comprises only the soil management variant “ploughing”. Other treatment factors were: (1) no organic amendment, farmyard (horse) manure treatment every three years to sugar beet fields, and crop residues + catch crop treatment; (2) without and with mineral N fertilization. More experimental details are available in German from the LUFA Speyer (Germany): VDLUFA, 121. VDLUFA-Kongress, Kongressband, Teil 2, Beiträge aus den öffentlichen Sitzungen der Fachrichtung Pflanzen- und Tierproduktion am 16. September 2009, Karlsruhe, Schriftenreihe Bd. 65/2009, ISBN 978-3-941273-07-8 (German): https://www.vdlufa.de/kongress2009/KB2009Teil2.pdf. Parameters of the data set were determined on basis of standardized VDLUFA and DIN guidelines by the LUFA Speyer (Germany). The data set contains data of 72 samples, which were sampled during four sampling seasons with winter barley and sugar beet as crop plant and contained 3 field replicates of 6 treatment combinations. The bacterial bulk soil community structure of all samples was characterised by amplicon sequencing of the V1-V2 region of the bacterial 16S rRNA gene using primers 27F (5′-AGAGTTTGATCMTGGC-3′) and 357R (5'-CTGCTGCCTYCCGTA-3'). Results show that the bacterial community in the long term is mainly altered by mineral fertilization and, on a lower level by horse manure. The bacterial class Bacilli was an evident positive responder to manure application. However, both manure and crop residues are valueable amendments for farmland, since both mitigate the negative effects of mineral fertilizer on the connectivity of bacterial interaction networks. Related publications: Schmid, C. A., Schröder, P., Armbruster, M., & Schloter, M. (2017). Organic Amendments in a Long-term Field Trial — Consequences for the Bulk Soil Bacterial Community as Revealed by Network Analysis. Microbial Ecology, 1-14. Download: https://www.ncbi.nlm.nih.gov/bioproject/PRJNA388309
Keywords: 
 agriculture, Agricultural research, Organic amendments, nitrogen fertilizers, Seasonal development, Ploughing, Nutrient availability, soil fertility, Stickstoffd체nger, Tiermist, Fruchtfolge, Landwirtschaft, N채hrstoffgehalt, Langzeitversuch, Nutzpflanzenproduktion, opendata, Boden, inspireidentifiziert
","[{""entity_group"": ""city"", ""word"": ""Speyer"", ""start"": 40, ""end"": 46}, {""entity_group"": ""country"", ""word"": ""Germany"", ""start"": 48, ""end"": 55}, {""entity_group"": ""city"", ""word"": ""Speyer"", ""start"": 106, ""end"": 112}, {""entity_group"": ""country"", ""word"": ""Germany"", ""start"": 114, ""end"": 121}, {""entity_group"": ""locationName"", ""word"": ""Rinkenbergerhof"", ""start"": 488, ""end"": 503}, {""entity_group"": ""city"", ""word"": ""Speyer"", ""start"": 516, ""end"": 522}, {""entity_group"": ""country"", ""word"": ""Germany"", ""start"": 524, ""end"": 531}, {""entity_group"": ""startTime"", ""word"": ""1984"", ""start"": 556, ""end"": 560}, {""entity_group"": ""cropSpecies"", ""word"": ""wheat"", ""start"": 612, ""end"": 617}, {""entity_group"": ""cropSpecies"", ""word"": ""barley"", ""start"": 626, ""end"": 632}, {""entity_group"": ""cropSpecies"", ""word"": ""beet"", ""start"": 644, ""end"": 648}, {""entity_group"": ""cropSpecies"", ""word"": ""beet"", ""start"": 837, ""end"": 841}, {""entity_group"": ""duration"", ""word"": ""four sampling seasons"", ""start"": 1497, ""end"": 1518}, {""entity_group"": ""cropSpecies"", ""word"": ""barley"", ""start"": 1531, ""end"": 1537}, {""entity_group"": ""cropSpecies"", ""word"": ""sugar beet"", ""start"": 1542, ""end"": 1552}, {""entity_group"": ""duration"", ""word"": ""long term"", ""start"": 1906, ""end"": 1915}]",en,BonaRes,"Counter({'cropSpecies': 6, 'city': 3, 'country': 3, 'duration': 2, 'locationName': 1, 'startTime': 1})",16,9b296f99-f6a0-423c-9716-6a04fd2e502f
95868.txt,"Title: 
Phenotypic variation in 1,100 provenances of Picea abies measured over 50 years on 33 German trial sites

Abstract:
This database provides phenotypic traits of Norway spruce (Picea abies (L.) Karst.) measured over a period of 51 years in provenance trials planted across Western Germany. These trials are part of the ‘Inventory Provenance Test 1964/68 with Norway spruce’ (IPTNS) that tests a total of 1,100 seed sources collected across Europe, both from the species natural as well as artificial range. Individual tree measurements of height (age 7, 10, 13, 16) and diameter at breast height (age 16, 21, 29, 39, 51) are provided for 33 German trial sites of 100 provenances. Each set of 100 provenances is a subsample from the entire collection area that represents an approximately comparable climate space.

","[{""entity_group"": ""cropSpecies"", ""word"": ""Picea abies"", ""start"": 53, ""end"": 64}, {""entity_group"": ""duration"", ""word"": ""50 years"", ""start"": 79, ""end"": 87}, {""entity_group"": ""country"", ""word"": ""German"", ""start"": 94, ""end"": 100}, {""entity_group"": ""duration"", ""word"": ""51 years"", ""start"": 234, ""end"": 242}, {""entity_group"": ""region"", ""word"": ""Western Germany"", ""start"": 279, ""end"": 294}, {""entity_group"": ""region"", ""word"": ""Europe"", ""start"": 446, ""end"": 452}, {""entity_group"": ""country"", ""word"": ""German"", ""start"": 647, ""end"": 653}]",en,OpenAgrar,"Counter({'duration': 2, 'country': 2, 'region': 2, 'cropSpecies': 1})",7,10.3220/DATA20240507093138-0
97378.txt,"Title: 
Dataset: Temporal dynamics in the compositional relationships of cropland microbiomes

Abstract:
Die hier hinterlegten Daten beziehen sich auf die Publikation von Forschungsergebnissen im Zusammenhang mit dem MonViA Projekt (Monitoring von biologischer Vielfalt in Agrarlandschaften). Auf drei benachbarten Feldern eines landwirtschaftlichen Betriebs in der Nähe von Hildesheim wurden in einem 14-tägigen Zeitraster die Abundanz und Vielfalt der bodenmikrobiologischen Lebensgemeinschaft über einen Zeitraum von 2 Jahren erfasst. Auf den Feldern, die sich in Bodentextur (Lehm und Ton) und Bodenbearbeitung (konservierend und konventionell) unterschieden, wurden landwirtschaftliche Maßnahmen nach herkömmlicher Praxis betrieben. Um Einflussfaktoren zu untersuchen, wurden parallel meteorlogische Daten und physikochemische Bodeneigenschaften erfasst (pH Wert, Gehalte an organischen Kohlenstoff und Gesamt-Stickstoff). Zur mikrobiologischen Charakterisierung wurde Boden-DNA mit PCR Verfahren untersucht. Die Abundanz wurde mit quantitativer PCR (qPCR) bestimmt, die Vielfalt mit der Sequenzierung von PCR Produkten mit Hilfe der IlluminaMiSeq Technologie.

","[{""entity_group"": ""locationName"", ""word"": ""Hildesheim"", ""start"": 375, ""end"": 385}, {""entity_group"": ""duration"", ""word"": ""14-tägigen"", ""start"": 402, ""end"": 412}, {""entity_group"": ""duration"", ""word"": ""2 Jahren"", ""start"": 520, ""end"": 528}, {""entity_group"": ""soilTexture"", ""word"": ""Lehm"", ""start"": 580, ""end"": 584}, {""entity_group"": ""soilTexture"", ""word"": ""Ton"", ""start"": 589, ""end"": 592}, {""entity_group"": ""soilOrganicCarbon"", ""word"": ""organischen Kohlenstoff"", ""start"": 880, ""end"": 903}]",de,OpenAgrar,"Counter({'duration': 2, 'soilTexture': 2, 'locationName': 1, 'soilOrganicCarbon': 1})",6,10.3220/DATA20240627155423-0
8170ee67-01c9-42b6-82ae-1b6442e5bdc3.txt,"Title: 
 Field experiment FV 4 Braunschweig – harvest of winter barley 2014
Abstract_text_1: 
 Field experiment FV 4 Braunschweig – harvest of winter barley 2014.
Abstract_text_2: 
 The phosphorus (P) taken up by organisms cannot be substituted from any other element; the only source of an increasing P demand for feeding the growing global population is mineable rock phosphate, upgraded to mineral P fertilizer. There are concerns about the global reserves of rock phosphates, expressed in terms of “peak phosphorus” (demand production). Bone char (BC) produced of de-fatted and de-gelatinized bones (15% P, 28% Calcium, 1% Magnesium) from slaughterhouses by a pyrolysis process could be an alternative source of P. Phosphorus in BC is mainly bound in a structure similar to hydroxylapatite (HA) in accordance with their origin from bones. Generally, P in HA is of low solubility and, consequently, it cannot be expected that bones or BC have a high fertilization value. Consequently, further attempts were directed to increase the P solubility of BC by a sulfur (S) enrichment leading to so called BCplus (patent DE102011010525). A former long-term field P fertilization trial (1985-2008) led to distinctive differences in available soil P (PCAL) concentrations. For some detailed description of the former experiment and further soil information see: Vogeler, I.; Rogasik, J.; Funder, U.; Panten, K.; Schnug, E. (2009) Effect of tillage systems and P-fertilization on soil physical and chemical properties, crop yield and nutrient uptake. Soil and Tillage Research 103 (1): 137-143.The resulting differences in soil P were conserved below an extensively managed grassland until 2013 when the experiment was ploughed to a depth of 25 cm and oat was seeded. After the harvest of 2013, the newly designed experiment (FV 4) was established testing the fertilizing potential of BC and BCplus. According to their mean PCAL concentrations (0-30 cm) one third of the plots were assigned to soil class A (11 mg kg-1 PCAL), B (21 mg kg-1 PCAL), and C (47 mg kg-1 PCAL) each. The experiment was set up as a completely randomized block design with three replicates, a plot size of 5.75 m * 17.5 m, and crop rotation of winter barley, winter oilseed rape, winter wheat, lupine and winter rye. Chisel ploughing and ploughing to a depth of 25 cm incorporates crop residues before seeding. Additionally to a control without P fertilization (P0), three different types of P fertilizer (BC, BCplus, TSP) are applied to an equivalent of 45 kg ha-1 P once a year shortly before seeding since autumn 2013. This data set presents the first harvest of winter barley (Hordeum vulgare L., variety OTTO) in 2014. Research domain: Plant Nutrition
Keywords: 
 Soil, Phosphate fertilizers, Phosphates, Phosphate fertilizers, farm inputs, opendata, Boden
","[{""entity_group"": ""locationName"", ""word"": ""Braunschweig"", ""start"": 31, ""end"": 43}, {""entity_group"": ""cropSpecies"", ""word"": ""barley"", ""start"": 64, ""end"": 70}, {""entity_group"": ""startTime"", ""word"": ""2014"", ""start"": 71, ""end"": 75}, {""entity_group"": ""locationName"", ""word"": ""Braunschweig"", ""start"": 117, ""end"": 129}, {""entity_group"": ""cropSpecies"", ""word"": ""barley"", ""start"": 150, ""end"": 156}, {""entity_group"": ""startTime"", ""word"": ""2014"", ""start"": 157, ""end"": 161}, {""entity_group"": ""startTime"", ""word"": ""1985"", ""start"": 1182, ""end"": 1186}, {""entity_group"": ""endTime"", ""word"": ""2008"", ""start"": 1187, ""end"": 1191}, {""entity_group"": ""startTime"", ""word"": ""2013"", ""start"": 1683, ""end"": 1687}, {""entity_group"": ""startTime"", ""word"": ""2013"", ""start"": 1782, ""end"": 1786}, {""entity_group"": ""cropSpecies"", ""word"": ""barley"", ""start"": 2219, ""end"": 2225}, {""entity_group"": ""cropSpecies"", ""word"": ""wheat"", ""start"": 2255, ""end"": 2260}, {""entity_group"": ""cropSpecies"", ""word"": ""rye"", ""start"": 2280, ""end"": 2283}, {""entity_group"": ""soilDepth"", ""word"": ""depth"", ""start"": 2321, ""end"": 2326}, {""entity_group"": ""soilDepth"", ""word"": ""25 cm"", ""start"": 2330, ""end"": 2335}, {""entity_group"": ""startTime"", ""word"": ""autumn 2013"", ""start"": 2577, ""end"": 2588}, {""entity_group"": ""cropSpecies"", ""word"": ""barley"", ""start"": 2641, ""end"": 2647}, {""entity_group"": ""cropSpecies"", ""word"": ""Hordeum vulgare L."", ""start"": 2649, ""end"": 2667}, {""entity_group"": ""startTime"", ""word"": ""2014"", ""start"": 2686, ""end"": 2690}]",en,BonaRes,"Counter({'cropSpecies': 7, 'startTime': 7, 'locationName': 2, 'soilDepth': 2, 'endTime': 1})",19,8170ee67-01c9-42b6-82ae-1b6442e5bdc3
0007bad6-848d-4763-9813-d5ed21cde6ee.txt,"Title: 
 Interactive effects of microplastics with other environmental drivers in a plant-soil system
Abstract_text_1: 
 Interactive effects of microplastics with other environmental drivers in a plant-soil system.
Abstract_text_2: 
 Our study reveals the effects of GCFs on a soil-crop system: in general, with an increasing number of GCFs, soil properties, and plant biomass reacted negatively. For example, the higher the level of GCFs, the lower the plant biomass and soil water stable aggregation. We also find that MP applied as a single factor had minimal effects on soil properties and crop growth. However, when combined with other individual factors, it significantly altered the effect size, sometimes even causing directional change. Our results revealed that the interaction between MP and other GCFs is not an additive response. Due to the characteristics of MP, the interaction mechanism between heavy metal and MP is obviously different from the response between drought and MP, and their combined effects on the soil-plant system may fundamentally vary Factor interactions are key to understanding and predicting how GCFs influence soil and plants. With an increasing number of GCFs involved, it becomes more and more complicated to predict effects on ecosystems. Our study is among the first to systematically examine how microplastic acts in combination with a range of other important environmental drivers, and thus offers a first step toward understanding these elusive interactive effects.
Keywords: 
 Soil, microplastics, opendata, Multiple level; Winter wheat; Plant-soil system; Soil properties; Global change factors, Boden
","[{""entity_group"": ""cropSpecies"", ""word"": ""wheat"", ""start"": 1579, ""end"": 1584}]",en,BonaRes,Counter({'cropSpecies': 1}),1,0007bad6-848d-4763-9813-d5ed21cde6ee
74475.txt,"Title: 
sorcering: Soil ORganic Carbon & CN Ratio drIven Nitrogen modellinG framework

Abstract:
SORCERING can be used to model the fate of soil organic carbon (SOC) and soil organic nitrogen (SON) and to calculate N mineralisation rates. It provides a framework that numerically solves differential equations of SOC models based on first-order kinetics. Thus, SOC models can be simply defined and run to predict the temporal development of SOC. Beyond this, SORCERING determines the fluxes of SON and N mineralisation / immobilisation. Basic inputs are (1) the model parameters of a given SOC model expressed as the C transfer matrix (including information on decomposition and transfer rates between model pools), (2) the initial distributions of C and N among model pools and (3) time series of C and N inputs and rate modulating environmental factors. The fourth-order Runge-Kutta algorithm is used to numerically solve the system of differential equations.

","[{""entity_group"": ""soilOrganicCarbon"", ""word"": ""Soil ORganic Carbon"", ""start"": 19, ""end"": 38}, {""entity_group"": ""soilOrganicCarbon"", ""word"": ""soil organic carbon"", ""start"": 140, ""end"": 159}, {""entity_group"": ""soilOrganicCarbon"", ""word"": ""SOC"", ""start"": 161, ""end"": 164}, {""entity_group"": ""soilAvailableNitrogen"", ""word"": ""soil organic nitrogen"", ""start"": 170, ""end"": 191}, {""entity_group"": ""soilAvailableNitrogen"", ""word"": ""SON"", ""start"": 193, ""end"": 196}, {""entity_group"": ""soilOrganicCarbon"", ""word"": ""SOC"", ""start"": 313, ""end"": 316}, {""entity_group"": ""soilOrganicCarbon"", ""word"": ""SOC"", ""start"": 361, ""end"": 364}, {""entity_group"": ""soilOrganicCarbon"", ""word"": ""SOC"", ""start"": 441, ""end"": 444}, {""entity_group"": ""soilAvailableNitrogen"", ""word"": ""SON"", ""start"": 494, ""end"": 497}, {""entity_group"": ""soilOrganicCarbon"", ""word"": ""SOC"", ""start"": 590, ""end"": 593}]",en,OpenAgrar,"Counter({'soilOrganicCarbon': 7, 'soilAvailableNitrogen': 3})",10,
49873.txt,"Title: 
BWI 2012 Umweltdatenbank Bodenprofile

Abstract:
Ziel des Moduls Bodenprofile im Projekt WP-KS-KW (Waldproduktivität - Klimawandel - Kohlenstoffspeicherung) war es, für 26.450 Punkte der deutschen Bundeswaldinventur (BWI) Bodenleitprofile mit boden-physikalischen Grundlagendaten zu erstellen. Die Grundlage der Ableitung der Standorts- und Bodeninformationen bildeten die in den Bundesländern zur Verfügung stehenden Informationen aus der Standorts- und Bodenkartierung. Um den oft historisch gewachsenen Feinheiten der einzelnen Kartierungsverfahren gerecht zu werden, wurden Standorts- und Bodenkundler aus jedem Bundesland in das Projekt eingebunden. Für 26.450 Traktecken wurden Standorts- und Leitprofildaten nach einheitlichen Vorgaben erhoben und in der Datenbank zusammengeführt. Das Parameterspektrum umfasst im Wesentlichen: (1) Standortseinheit mit Bodentyp, Wasserhaushalts-/ Nährstoffansprache, Kalkung, (2) Leitprofil mit obligatorischen Horizontangaben zu Bodenart, Skelett, Trockenrohdichte (TRD), nutzbare Feldkapazität (nFK), (3) Leitprofil mit fakultativen Horizontangaben zu Basensättigung, organischer Kohlenstoffgehalt (Corg), Entkalkungstiefe, (4) Quellen- und Qualitätsschlüssel zu allen Parametern. Die Standortseinheit liegt für 25.069 (95 %) Traktecken vor, das Leitprofil für 24.735 (93.5 %). Creation date: 28.05.2019; temporal coverage: start date: 2012, end date: 2012; state: finalisiert/finalized

","[{""entity_group"": ""soilOrganicCarbon"", ""word"": ""organischer Kohlenstoffgehalt"", ""start"": 1120, ""end"": 1149}, {""entity_group"": ""soilOrganicCarbon"", ""word"": ""Corg"", ""start"": 1151, ""end"": 1155}, {""entity_group"": ""startTime"", ""word"": ""2012"", ""start"": 1388, ""end"": 1392}, {""entity_group"": ""endTime"", ""word"": ""2012"", ""start"": 1404, ""end"": 1408}]",de,OpenAgrar,"Counter({'soilOrganicCarbon': 2, 'startTime': 1, 'endTime': 1})",4,10.3220/DATA20190625100522
92044.txt,"Title: 
Crop yields and area in Germany from 1979 to 2021 at a harmonized district-level

Abstract:
In this publication we provide a dataset with crop yield and area for Germany from 1979 to 2021. The data are spatially resolved to 397 districts with an average size of 900 km2 and include the crops spring barley, winter barley, grain maize, silage maize, oats, potatoes, winter rape, rye, sugarbeet, triticale and winter wheat. The crop-yield data cover on average about 9.5 million hectares per year and 80% of Germany’s total arable land. The final dataset contains 214,820 yield and area data points. These were obtained by collecting and digitizing crop data from multiple statistical sources and transforming the data to match the district boundaries in 2020. A comprehensive description and validation of the dataset is published in Scientific Data (https://doi.org/10.1038/s41597-024-02951-8). We therefore recommend that you also refer the Scientific Data article when using the dataset.

","[{""entity_group"": ""locationName"", ""word"": ""Germany"", ""start"": 32, ""end"": 39}, {""entity_group"": ""startTime"", ""word"": ""1979"", ""start"": 45, ""end"": 49}, {""entity_group"": ""endTime"", ""word"": ""2021"", ""start"": 53, ""end"": 57}, {""entity_group"": ""locationName"", ""word"": ""Germany"", ""start"": 170, ""end"": 177}, {""entity_group"": ""startTime"", ""word"": ""1979"", ""start"": 183, ""end"": 187}, {""entity_group"": ""endTime"", ""word"": ""2021"", ""start"": 191, ""end"": 195}, {""entity_group"": ""cropSpecies"", ""word"": ""barley"", ""start"": 307, ""end"": 313}, {""entity_group"": ""cropSpecies"", ""word"": ""barley"", ""start"": 322, ""end"": 328}, {""entity_group"": ""cropSpecies"", ""word"": ""maize"", ""start"": 336, ""end"": 341}, {""entity_group"": ""cropSpecies"", ""word"": ""maize"", ""start"": 350, ""end"": 355}, {""entity_group"": ""cropSpecies"", ""word"": ""oats"", ""start"": 357, ""end"": 361}, {""entity_group"": ""cropSpecies"", ""word"": ""potatoes"", ""start"": 363, ""end"": 371}, {""entity_group"": ""cropSpecies"", ""word"": ""rape"", ""start"": 380, ""end"": 384}, {""entity_group"": ""cropSpecies"", ""word"": ""rye"", ""start"": 386, ""end"": 389}, {""entity_group"": ""cropSpecies"", ""word"": ""sugarbeet"", ""start"": 391, ""end"": 400}, {""entity_group"": ""cropSpecies"", ""word"": ""triticale"", ""start"": 402, ""end"": 411}, {""entity_group"": ""cropSpecies"", ""word"": ""wheat"", ""start"": 423, ""end"": 428}, {""entity_group"": ""locationName"", ""word"": ""Germany"", ""start"": 514, ""end"": 521}]",en,OpenAgrar,"Counter({'cropSpecies': 11, 'locationName': 3, 'startTime': 2, 'endTime': 2})",18,10.3220/DATA20231117103252-0
101198.txt,"Title: 
Datensatz Biomassestudie

Abstract:
Im Rahmen einer vom nova-Institut durchgeführten Studie modelliert das Thünen-Institut für Waldwirtschaft als Unterauftragnehmer die Auswirkungen verschiedener Politiken und gesellschaftlicher Trends auf den Holzmarkt. Die Studie ist von der Renewable Carbon Initiative (RCI) und des Bio-based Industries Consortium (BIC) beauftragt. Der zentrale Forschungsauftrag der Konsortien lautet: Unter der Prämisse, dass der chemische Industriesektor eine vollständige Defossilisierung anstrebt, soll quantifiziert werden, welcher Anteil des Kohlenstoffinputs, den die chemische Industrien als Input benötigen, im Jahr 2050 nachhaltig aus agrarischer und forstlicher Biomasse bereitgestellt werden kann. Für diesen Zweck werden ein Referenzszenario und zwei alternative Szenarien entworfen, die verschiedene zukünftige Entwicklungspfade beschreiben. Die Szenarien betreffen sowohl den landwirtschaftlichen als auch den forstwirtschaftlichen Sektor. Die hier dargestellten Forstsektoranalysen untersuchen mögliche Entwicklungen zur Verfügbarkeit forstbasierter Biomassepotentiale. Die Entwicklung der globalen Waldfläche in den Szenarien wird normativ angepasst, sodass beispielweise die Entwaldung abnimmt. Das Thünen-Institut für Waldwirtschaft nutzt zur Modellierung das Timber market Model for policy-Based Analysis (TiMBA), wobei angebots- und nachfrageseitig 19 Holz und holzbasierte Produkte in 180 Ländern bis zum Jahr 2050 simuliert werden. In enger Zusammenarbeit mit dem nova-Institut kalibriert das Thünen-Institut für Waldwirtschaft das Model. Im Anschluss werden mit TiMBA verschiedene Szenarien simuliert, wobei die Eingangsdaten und Parameter von FAOstat[1], World Bank[2], FRA[3], IIASA-SSP[4], WTO[5], the fibre yearbook 2023[6] und Skoczinski et al. 2024[7] zum Einsatz kommen. Die Modellierungsergebnisse zeigen eine Erhöhung der Rohholzlieferung zwischen 2020 und 2050 um bis zu 38%. Die steigende Nachfrage nach holzbasierten Produkten, vom Schnittholz (bis zu +36%) bis zur Textilfaser (bis zu +447%), kann dadurch gedeckt werden. Trotz dieser starken, relativen Produktionssteigerungen bleiben holzbasierte Fasern und chemische Derivate, gemessen am Gesamtvolumen aller holzbasierten Sektoren, weiterhin Nischenprodukte. Steigende Bedarfe, insbesondere in sich neu bildendenden Energiemärkten, führen zu einem Nachfrageüberhang nach Holznebenprodukten, welche heute vor allem Einsatz in der Plattenindustrie finden. Neue Nachfragemärkte umschließen beispielsweise die Pelletindustrie, Hersteller von grünem Treibstoff für die Luftfahrt sowie Bioraffinerien. Dies führt erwartungsgemäß zu steigenden Ressourcenkonkurrenzen. In den hier dargestellten Dokumenten sind Eingangsdaten, Datenkalibrierungen, Modelinputdaten, Ergebnisse der Modellierung der drei Szenarien und Hintergrundinformationen abgelegt. Die Dokumente sind auf Anfrage verfügbar. [1] FAOStat, 2023. Forestry Production and Trade, Statistical Database. www.fao. org/FAOSTAT/en/#data/FO (Accessed on November 2023). [2] World Bank, 2023: World Development Indicators: https://datatopics.worldbank.org/world-development-indicators/. [3] Forest Resource Assessment, 2020: 2020: Main Report. 2020. Rome: FAO. https://doi.org/10.4060/ca9825en. [4] International Institute for Applied Systems Analyses, 2018. Shared Socioeconomic Pathways Scenario Database (SSP). https://iiasa.ac.at/models-tools-data/ssp (Accessed on November 2023) [5] World Trade Organization, 2024. Integrated Database (IDB). http://tariffdata.wto.org/default.aspx (Accessed on August 2024) [6] The fibre year consulting, 2023. Selected data provided by the nova institute. (E-Mail 17.11.2023) [7] Pia Skoczinski, Michael Carus, Gillian Tweddle, Pauline Ruiz, Nicolas Hark, Ann Zhang, Doris de Guzman, Jan Ravenstijn, Harald Käb and Achim Raschka. 2024: Bio-based Building Blocks and Polymers – Global Capacities, Production and Trends 2023–2028. nova-Institut GmbH (Ed.),Hürth, Germany, 2024-03. https://doi.org/10.52548/VXTH2416

","[{""entity_group"": ""endTime"", ""word"": ""2050"", ""start"": 655, ""end"": 659}, {""entity_group"": ""endTime"", ""word"": ""2050"", ""start"": 1462, ""end"": 1466}, {""entity_group"": ""startTime"", ""word"": ""2020"", ""start"": 1911, ""end"": 1915}, {""entity_group"": ""endTime"", ""word"": ""2050"", ""start"": 1920, ""end"": 1924}]",de,BonaRes,"Counter({'endTime': 3, 'startTime': 1})",4,
50596.txt,"Title: 
Data to: Single and combined effects of Drosophila suzukii and D. melanogaster on sour rot development in viticulture

Abstract:
Sour rot is a disease complex that causes serious damage in viticulture. The common vinegar fly Drosophila melanogaster (Diptera: Drosophilidae) is associated with sour rot in overripe or otherwise damaged grapes. Drosophila suzukii (Diptera: Drosophilidae) is an invasive species, which is suspected to induce sour rot in previously undamaged grapes due to the flies’ ability to infest healthy, undamaged soft fruits with its serrated ovipositor. As a consequence, infection of healthy grapes by D. suzukii may facilitate the colonization by D. melanogaster. 
 The aim of this study was to investigate the single and combined influence of D. suzukii and D. melanogaster on sour rot development under near-natural conditions in the vineyard, along with laboratory experiments under controlled climate. For that, manipulative experiments with gauze-bagged grapes comprising four different treatments: 1) D. suzukii, 2) D. melanogaster, 3) both Drosophila species combined and 4) without flies as control were performed in 2017 and 2018. Subsequently, sour rot development was determined by measuring the volatile acidity levels.
 All experiments were performed around the harvest, started with the adding of the flies and ended with the determination of the volatile acid levels (as an indicator for sour rot). Field experiments were set up in a randomized block design: Blocks comprised four different treatments and were repeated 10 times and randomly distributed over the vineyard. For the laboratory experiments, the same experimental set up was chosen with four treatments repeated 10 times and randomly distributed in the climatic chamber. Therefore, one grape cluster per sample was placed in a plastic box. For all experiments n = 40 samples (4 treatments x 10 replicates) were used to check for differences in volatile acidity levels between the treatments performing variance analyses followed by post hoc tests.
 The raw data supporting the results in the paper are presented in three datasets referring to the five figures in the publication. A legend, explaining the different variables used in the datasets is given in a separate document.
 Dataset 1 is from the semi-field experiments in 2017 and underlies figure 1, 2 and 3 and related analyses. In two experimental repetitions starting at 30.8.2017 and 6.9.2017 and ending three weeks later at 20.9.2017 and 25.9.2017, grapes were exposed to the four different treatments in gauze sleeves in the field, followed by an incubation in the laboratory. In this experiment, additionally to the volatile acidity of the grape clusters, the fly emergence rates and grape cluster weight were determined.
 Dataset 2 is from the field experiments in 2018 and underlies figure 4 and related analyses. The experimental setup was same as in dataset 1, but the experiment took place completely in the vineyard. Again, two experimental repetitions were performed starting at 24.8.2018 and 31.8.2018 and ending with the determination of volatile acidity at 13.9.2018 and 20.9.2018.
 Dataset 3 is from the laboratory experiments in 2018 and underlies figure 5 and related analyses. For that, two laboratory repetitions were performed starting at 29.8.2018 and 4.9.2018 by placing one grape cluster per sample in a plastic box. The experimental setup was the same as in the field experiments with four treatments repeated 10 times and distributed randomly in the climatic chamber. The experiment ended after two weeks with the determination of volatile acidity of the grape cluster at 12.9.2018 and 29.9.2018 respectively.

","[{""entity_group"": ""cropSpecies"", ""word"": ""grapes"", ""start"": 343, ""end"": 349}, {""entity_group"": ""cropSpecies"", ""word"": ""grapes"", ""start"": 481, ""end"": 487}, {""entity_group"": ""cropSpecies"", ""word"": ""grapes"", ""start"": 624, ""end"": 630}, {""entity_group"": ""cropSpecies"", ""word"": ""grapes"", ""start"": 992, ""end"": 998}, {""entity_group"": ""startTime"", ""word"": ""2017"", ""start"": 1158, ""end"": 1162}, {""entity_group"": ""endTime"", ""word"": ""2018"", ""start"": 1167, ""end"": 1171}, {""entity_group"": ""cropSpecies"", ""word"": ""grape"", ""start"": 1797, ""end"": 1802}, {""entity_group"": ""startTime"", ""word"": ""2017"", ""start"": 2339, ""end"": 2343}, {""entity_group"": ""startTime"", ""word"": ""30.8.2017"", ""start"": 2442, ""end"": 2451}, {""entity_group"": ""startTime"", ""word"": ""6.9.2017"", ""start"": 2456, ""end"": 2464}, {""entity_group"": ""duration"", ""word"": ""three weeks"", ""start"": 2476, ""end"": 2487}, {""entity_group"": ""endTime"", ""word"": ""20.9.2017"", ""start"": 2497, ""end"": 2506}, {""entity_group"": ""endTime"", ""word"": ""25.9.2017"", ""start"": 2511, ""end"": 2520}, {""entity_group"": ""cropSpecies"", ""word"": ""grapes"", ""start"": 2522, ""end"": 2528}, {""entity_group"": ""cropSpecies"", ""word"": ""grape"", ""start"": 2715, ""end"": 2720}, {""entity_group"": ""cropSpecies"", ""word"": ""grape"", ""start"": 2759, ""end"": 2764}, {""entity_group"": ""startTime"", ""word"": ""2018"", ""start"": 2841, ""end"": 2845}, {""entity_group"": ""startTime"", ""word"": ""24.8.2018"", ""start"": 3061, ""end"": 3070}, {""entity_group"": ""startTime"", ""word"": ""31.8.2018"", ""start"": 3075, ""end"": 3084}, {""entity_group"": ""startTime"", ""word"": ""13.9.2018"", ""start"": 3142, ""end"": 3151}, {""entity_group"": ""endTime"", ""word"": ""20.9.2018"", ""start"": 3156, ""end"": 3165}, {""entity_group"": ""startTime"", ""word"": ""2018"", ""start"": 3216, ""end"": 3220}, {""entity_group"": ""startTime"", ""word"": ""29.8.2018"", ""start"": 3330, ""end"": 3339}, {""entity_group"": ""startTime"", ""word"": ""4.9.2018"", ""start"": 3344, ""end"": 3352}, {""entity_group"": ""endTime"", ""word"": ""two weeks"", ""start"": 3591, ""end"": 3600}, {""entity_group"": ""endTime"", ""word"": ""12.9.2018"", ""start"": 3668, ""end"": 3677}, {""entity_group"": ""duration"", ""word"": ""29.9.2018"", ""start"": 3682, ""end"": 3691}]",en,OpenAgrar,"Counter({'startTime': 11, 'cropSpecies': 8, 'endTime': 6, 'duration': 2})",27,10.5073/20190809-165000
101378.txt,"Title: 
Supporting data for the manuscript ‘Birch (Betula pubescens Ehrh.) encroachment alters contribution of plant functional groups to ecosystem carbon cycling in a rewetted bog’

Abstract:
Rewetted bogs with high water levels (WL) and mire-specific vegetation are crucial carbon (C) sinks, but their function might be threatened by tree encroachment, a phenomenon widespread in the northern hemisphere that often coincides with low WL. This might impact C cycling both at the ecosystem and microform scale in multiple ways, but so far, data is lacking. We established two sites in the same former peat extraction area, one showing permanently high WL and mire-specific vegetation (Open site, OS), while the other one has more fluctuating WL and a dense birch (Betula pubescens Ehrh.) population (Tree site, TS). We measured the carbon dioxide (CO2) exchange at ecosystem (eddy covariance) and plot scale (chamber measurements) for one year to clarify the differences between the sites and the impact of birch encroachment on the contribution of the different bog-specific microforms to the ecosystem’s CO2 balance. Overall, the OS had a CO2 balance of -262.4 ± 7.8 g CO2-C m-2 yr-1 indicating CO2 uptake, while the TS was close to neutral (-28 ± 5.1 g CO2-C m-2 yr-1). The smaller uptake at the TS was caused by higher (151%) ecosystem respiration, while gross primary production was only 15% difference. However, the microform contributions to C uptake strongly differed: At the OS, both hummocks and hollows showed net uptake, while at the TS, most C (52%) was assimilated by the birches and the understory was a net CO2 source. This indicates a loss of peat C from the TS, while the successfully rewetted site was accumulating new peat. Accounting for plot-scale CH4 fluxes, both sites were a weak source of greenhouse gases, but a distinctly stronger C sink occurred at the OS. Our data shows the possibility to increase C removal from the atmosphere by full rewetting and the establishment of mire-specific vegetation.

","[{""entity_group"": ""duration"", ""word"": ""one year"", ""start"": 935, ""end"": 943}]",en,BonaRes,Counter({'duration': 1}),1,
73465.txt,"Title: 
Microsatellite marker data of Helosciadium nodiflorum L.

Abstract:
The development of SSR markers was performed by SGS Trait Genetics GmbH (Gatersleben, Germany) using a proprietary standard protocol. The nuclear DNA was extracted from the H. nodiflorum type line (Kew Gardens London, Ser. No 0200497). The partial sequencing was carried out with MiSeq (Illumina) equipment. Seventeen SSRs proved to be polymorphic and were applied to study the patterns of genetic diversity within diploid Helosciadium nodiflorum. The results of the study will likely be published by I. Mewis, A. Naumann, M. Zander, U. Schirmak, M. Nachtigall, M. Bönisch, L. Frese, C. Ulrichs. (in prep.): Evaluation of genetic diversity of Helosciadium nodiflorum in Germany – A wild relative of celery. 
 SSR data presented in the excel file were generated by HU Berlin, Germany. Helosciadium nodiflorum plants were sampled at 20 localities in 2015 or 2016 and analyzed using 17 polymorphic SSR markers. All individuals (86 in total) having a null allele at any of the marker loci were excluded from the dataset presented here. The raw data were binned and statistically analyzed in 2018-2019. The data sheet contains information on 514/600 plants in total, respectively.
 The genetic reserves for wild celery species are part of a nationwide ""Network of Genetic Reserves in Germany"" (https://www.genres.de/fachportale/kultur-und-wildpflanzen/in-situ-erhaltung-von-wel/netzwerk-genetische-erhaltungsgebiete-deutschland/). The intraspecific diversity of wild celery species was assessed and representative plant populations maximizing this diversity were selected. A network of genetic reserves, comprising at least 45 plant populations, is to ensure that the intraspecific diversity of the wild celery relatives is preserved.

","[{""entity_group"": ""cropSpecies"", ""word"": ""Helosciadium nodiflorum L."", ""start"": 38, ""end"": 64}, {""entity_group"": ""cropSpecies"", ""word"": ""H. nodiflorum"", ""start"": 249, ""end"": 262}, {""entity_group"": ""cropSpecies"", ""word"": ""elosciadium nodiflorum"", ""start"": 500, ""end"": 522}, {""entity_group"": ""cropSpecies"", ""word"": ""Helosciadium nodiflorum"", ""start"": 719, ""end"": 742}, {""entity_group"": ""locationName"", ""word"": ""Germany"", ""start"": 746, ""end"": 753}, {""entity_group"": ""cropSpecies"", ""word"": ""celery"", ""start"": 775, ""end"": 781}, {""entity_group"": ""cropSpecies"", ""word"": ""Helosciadium nodiflorum"", ""start"": 860, ""end"": 883}, {""entity_group"": ""startTime"", ""word"": ""2015"", ""start"": 924, ""end"": 928}, {""entity_group"": ""startTime"", ""word"": ""2016"", ""start"": 932, ""end"": 936}, {""entity_group"": ""startTime"", ""word"": ""2018"", ""start"": 1163, ""end"": 1167}, {""entity_group"": ""endTime"", ""word"": ""2019"", ""start"": 1168, ""end"": 1172}, {""entity_group"": ""cropSpecies"", ""word"": ""celery"", ""start"": 1283, ""end"": 1289}, {""entity_group"": ""locationName"", ""word"": ""Germany"", ""start"": 1355, ""end"": 1362}, {""entity_group"": ""cropSpecies"", ""word"": ""celery"", ""start"": 1538, ""end"": 1544}, {""entity_group"": ""cropSpecies"", ""word"": ""celery"", ""start"": 1775, ""end"": 1781}]",en,OpenAgrar,"Counter({'cropSpecies': 9, 'startTime': 3, 'locationName': 2, 'endTime': 1})",15,10.5073/20210823-163740
87621.txt,"Title: 
Dataset: Identification of markers associated with Wheat dwarf virus (WDV) tolerance/resistance in barley (Hordeum vulgare ssp. vulgare) using Genome wide association studies

Abstract:
Wheat dwarfing virus (WDV) is transmitted by the leafhopper Psammotettix alienus and causes yield losses in barley and other cereals. To date, little evidence of WDV-resistant/tolerant cultivars has been published, and no information is available for associated markers and QTL to WDV in barley. Therefore, identification of genetic factors controlling WDV to reduce the negative impact of WDV on yield plays an important role in resistance breeding. In this study, we examined a set of 480 barley genotypes to identify genotypic differences in response to WDV. Five traits, including infection rate (ELISA 60), total grain weight, plant height, number of ears per plant and thousand grain weight, were measured under infected and uninfected conditions. Finally, phenotypic and genotypic data of 191 out of 480 genotypes were used for a genome-wide association study (GWAS). A set of 34, 408 single nucleotide polymorphisms (SNPs) were identified on the 50 K iSelect array. In total, 1, 3, 2, 2, and 1 significantly associated markers on chromosomes 3H, 4H, 5H, and 7H were identified for ELISA-60, relative performance of total grain weight, plant height, number of ears per plant, and thousand grain weight (on chromosome 7H), respectively.

","[{""entity_group"": ""cropSpecies"", ""word"": ""Wheat"", ""start"": 59, ""end"": 64}, {""entity_group"": ""cropSpecies"", ""word"": ""barley"", ""start"": 107, ""end"": 113}, {""entity_group"": ""cropSpecies"", ""word"": ""Hordeum vulgare ssp. vulgare"", ""start"": 115, ""end"": 143}, {""entity_group"": ""cropSpecies"", ""word"": ""Wheat"", ""start"": 194, ""end"": 199}, {""entity_group"": ""cropSpecies"", ""word"": ""barley"", ""start"": 302, ""end"": 308}, {""entity_group"": ""cropSpecies"", ""word"": ""barley"", ""start"": 482, ""end"": 488}, {""entity_group"": ""cropSpecies"", ""word"": ""barley"", ""start"": 685, ""end"": 691}]",en,OpenAgrar,Counter({'cropSpecies': 7}),7,10.5073/20230616-101640-0
41381.txt,"Title: 
Trap captures data from the 7-year Drosophila suzukii monitoring program in southwest Germany

Abstract:
A relatively recent invasive pest of soft-skinned fruits in Europe is Drosophila suzukii (Spotted wing drosophila - SWD). It has already caused severe economic damages in many fruit-crops and some susceptible grape varieties and seems to have successfully adapted to survive under a variety of conditions. The Julius Kühn Institute (JKI) set up a primary monitoring program in 2011 in southwest Germany expecting the migration of SWD into Germany. Following its appearance in late summer 2011, the monitoring of SWD gathered more momentum with more traps and other institutes joining in the study. The online tool DrosoMon (http://drosomon.julius-kuehn.de/) was created to act as a hub for gathering and harmonizing the trap capture data from the SWD monitoring programs from different parts of Germany and Europe. DrosoMon also provides the means to visualize the data at trap levels and compare variations in captures between traps or with temperature and precipitation data from the nearest weather station. Here we present and publish the data from the JKI monitoring program from 2011 to February 2018. The data set of D. suzukii captures presented here comes from the monitoring study conducted by the Institute for Plant Protection in Fruit Crops and Viticulture, Dossenheim and Siebeldingen, and the Institute for Biological Plant Protection, Darmstadt of the JKI between 2011 and 2018. All monitoring sites are located in southwest Germany roughly within ~75 km radius near the institutes. The coordinates of the trap locations were recorded with a handheld-GPS (‘lat’ and ‘lon’ in the table/dataset). The sites were chosen randomly to represent different possible preferred sites of host plants or potential overwintering grounds in the immediate vicinity. The traps were installed in semi-natural habitats, mainly on hedges with wild host plants of D. suzukii, in the surroundings of the institutes. The trap designs were quite similar between the three institutes following the instructions in the JKI-flyer (https://drosophila.julius-kuehn.de/index.php?menuid=61 and in Briem et al. 2018) with minor variations. The traps were filled with a mixture of unfiltered apple cider vinegar (ACV) (acetic acid content 5 %) diluted with water. For more detailed information on the ingredients, the variations in trap designs between each monitoring group see the methods section in respective paper this data set relates on. The monitoring data set is provided as two tab-separated ascii tables: captures_data.txt and trap_description.txt. In the trap_description table, each record describes the characteristics and location of a single trap along with the baiting mixture used. In the captures_data table, each record describes the number of male and female D. suzukii from a single trap deployment, for each individual trap. The trap_description table lists 100 traps that were set during the monitoring period, the actual number of traps in operation varying over the years. The captures_data table contains 9967 records, each record representing a trap deployment. These deployments account for a total of 116,602 days and captured 756,717 adult D. suzukii individuals. The data were manually entered in the Drosomon database and checked for errors concerning dates and trap parameters.

","[{""entity_group"": ""duration"", ""word"": ""7-year"", ""start"": 36, ""end"": 42}, {""entity_group"": ""locationName"", ""word"": ""Germany"", ""start"": 94, ""end"": 101}, {""entity_group"": ""locationName"", ""word"": ""Europe"", ""start"": 173, ""end"": 179}, {""entity_group"": ""cropSpecies"", ""word"": ""grape"", ""start"": 322, ""end"": 327}, {""entity_group"": ""startTime"", ""word"": ""2011"", ""start"": 490, ""end"": 494}, {""entity_group"": ""locationName"", ""word"": ""Germany"", ""start"": 508, ""end"": 515}, {""entity_group"": ""locationName"", ""word"": ""Germany"", ""start"": 552, ""end"": 559}, {""entity_group"": ""startTime"", ""word"": ""late summer 2011"", ""start"": 589, ""end"": 605}, {""entity_group"": ""locationName"", ""word"": ""Germany"", ""start"": 908, ""end"": 915}, {""entity_group"": ""locationName"", ""word"": ""Europe"", ""start"": 920, ""end"": 926}, {""entity_group"": ""startTime"", ""word"": ""2011"", ""start"": 1198, ""end"": 1202}, {""entity_group"": ""endTime"", ""word"": ""February 2018"", ""start"": 1206, ""end"": 1219}, {""entity_group"": ""locationName"", ""word"": ""Dossenheim"", ""start"": 1384, ""end"": 1394}, {""entity_group"": ""locationName"", ""word"": ""Siebeldingen"", ""start"": 1399, ""end"": 1411}, {""entity_group"": ""locationName"", ""word"": ""Darmstadt"", ""start"": 1464, ""end"": 1473}, {""entity_group"": ""startTime"", ""word"": ""2011"", ""start"": 1493, ""end"": 1497}, {""entity_group"": ""endTime"", ""word"": ""2018"", ""start"": 1502, ""end"": 1506}, {""entity_group"": ""locationName"", ""word"": ""Germany"", ""start"": 1554, ""end"": 1561}, {""entity_group"": ""cropSpecies"", ""word"": ""apple"", ""start"": 2289, ""end"": 2294}, {""entity_group"": ""duration"", ""word"": ""116,602 days"", ""start"": 3228, ""end"": 3240}]",en,OpenAgrar,"Counter({'locationName': 10, 'startTime': 4, 'duration': 2, 'cropSpecies': 2, 'endTime': 2})",20,10.5073/20180809-110252
41808.txt,"Title: 
Microsatellite marker data of Apium graveolens L. ssp. graveolens

Abstract:
Published microsatellite primers were evaluated to identify polymorphic markers. Sixteen SSRs proved to be polymorphic and were applied to study the patterns of genetic diversity within diploid Apium graveolens. The results of the study were published by Frese, L., Bönisch, M., Nachtigall, M., Schirmak, U. (2018, accepted): Patterns of genetic diversity and implications for in situ conservation of wild celery (Apium graveolens L. ssp. graveolens). Agriculture, Vol. 8. 
 SSR data presented in excel file were generated by JKI in Quedlinburg, Germany. A total of 790 Apium graveolens plants were sampled at 27 localities in 2016 and analyzed using 16 SSR markers. All individuals (33 individuals in total) having a null allele at any of the marker loci were excluded from the dataset. The raw data were binned and statistically analyzed in 2017-2018. The dataset presented here contains information on 757 plants.

","[{""entity_group"": ""cropSpecies"", ""word"": ""Apium graveolens L. ssp. graveolens"", ""start"": 38, ""end"": 73}, {""entity_group"": ""cropSpecies"", ""word"": ""Apium graveolens"", ""start"": 279, ""end"": 295}, {""entity_group"": ""cropSpecies"", ""word"": ""celery"", ""start"": 491, ""end"": 497}, {""entity_group"": ""cropSpecies"", ""word"": ""Apium graveolens L. ssp. graveolens"", ""start"": 499, ""end"": 534}, {""entity_group"": ""locationName"", ""word"": ""Quedlinburg"", ""start"": 618, ""end"": 629}, {""entity_group"": ""locationName"", ""word"": ""Germany"", ""start"": 631, ""end"": 638}, {""entity_group"": ""cropSpecies"", ""word"": ""Apium graveolens"", ""start"": 655, ""end"": 671}, {""entity_group"": ""startTime"", ""word"": ""2016"", ""start"": 712, ""end"": 716}, {""entity_group"": ""startTime"", ""word"": ""2017"", ""start"": 928, ""end"": 932}, {""entity_group"": ""endTime"", ""word"": ""2018"", ""start"": 933, ""end"": 937}]",en,OpenAgrar,"Counter({'cropSpecies': 5, 'locationName': 2, 'startTime': 2, 'endTime': 1})",10,10.5073/20180820-154547
101017.txt,"Title: 
Datensatz mit Fragebögen zur Analyse von Lebensmittelverlusten bei Obst und Gemüse auf Erzeugerebene und in der Wertschöpfungskette

Abstract:
Der Datensatz enthält 8 Fragebögen für persönliche Interviews mit Entscheidungstragenden auf Erzeugerebene und in der Wertschöpfungskette zur Analyse der Lebensmittelverluste: - im Freilandanbau von Möhre, Salat, Apfel und Erdbeere, - im geschützten Anbau von Erdbeere und Himbeere und - in Verarbeitung und Lebensmitteleinzelhandel

","[{""entity_group"": ""cropSpecies"", ""word"": ""Möhre"", ""start"": 350, ""end"": 355}, {""entity_group"": ""cropSpecies"", ""word"": ""Salat"", ""start"": 357, ""end"": 362}, {""entity_group"": ""cropSpecies"", ""word"": ""Apfel"", ""start"": 364, ""end"": 369}, {""entity_group"": ""cropSpecies"", ""word"": ""Erdbeere"", ""start"": 374, ""end"": 382}, {""entity_group"": ""cropSpecies"", ""word"": ""Erdbeere"", ""start"": 411, ""end"": 419}, {""entity_group"": ""cropSpecies"", ""word"": ""Himbeere"", ""start"": 424, ""end"": 432}]",de,BonaRes,Counter({'cropSpecies': 6}),6,
48159.txt,"Title: 
Calculations of gaseous and particulate emissions from German agriculture 1990 - 2017: Input data and emission results

Abstract:
In international conventions Germany has committed to the mitigation of emissions of greenhouse gases and air pollution. These international regulations (protocols etc.) are the UN Framework Convention on Climate Change (UNFCCC), the UNECE Convention on Long-Range Transboundary Air Pollution (CLRTAP), and within the European Union the Directive of the European Parliament and of the Council on national emission ceilings for certain atmospheric pollutants (NEC Directive). These conventions require annual calculations of the emissions of the respective gases and air pollutants. The results have to be documented in an emission inventory and to be reported to the organisations in charge. The data file contains input data and results of the calculation of gas and particulate emissions from German agriculture for Germany and the federal states in the years 1990 - 2017. In this context the sector Agriculture comprises the emissions from animal husbandry, the use of agricultural soils and anaerobic digestion of energy crops. As required by the guidelines, emissions from activities preceding agriculture, from the use of energy and from land use change are reported elsewhere in the national inventories.

","[{""entity_group"": ""startTime"", ""word"": ""1990"", ""start"": 82, ""end"": 86}, {""entity_group"": ""endTime"", ""word"": ""2017"", ""start"": 89, ""end"": 93}, {""entity_group"": ""locationName"", ""word"": ""Germany"", ""start"": 167, ""end"": 174}, {""entity_group"": ""locationName"", ""word"": ""Germany"", ""start"": 956, ""end"": 963}, {""entity_group"": ""startTime"", ""word"": ""1990"", ""start"": 1000, ""end"": 1004}, {""entity_group"": ""endTime"", ""word"": ""2017"", ""start"": 1007, ""end"": 1011}]",en,OpenAgrar,"Counter({'startTime': 2, 'endTime': 2, 'locationName': 2})",6,10.3220/DATA20190320111106-0
41963.txt,"Title: 
BWI 2012 Umweltdatenbank  Klima

Abstract:
The module climate regionalization of the project “Forest productivity, carbon sequestration, climate change” contributes temporal and spatial high-resolution climate data from 1961 - 2100 for 26.450 points of the German National Forest Inventory. For the retrospective computation of the period 1961 - 2013 the historical daily observation data of climate and precipitation stations of the Deutscher Wetterdienst are regionalized with Geographically Weighted Regression. Future climate change scenarios are simulated with the STARS (2011 – 2050) and REMO (2011 – 2100) based on the MPI ESM ECHAM6 RCP scenarios (2.6, 4.5, 8.5). The NFI 2012 environmental data base climate contains timely aggregated climate information (monthly, seasonal, yearly, multiyearly) and provides the climatic input variables for the forest site water budget modelling and for the forest growth modelling. Creation date: 31.12.2016; State: Completed; Sqlite3 Database (*.sqlite); Temporal coverage: 01.01.1961 - 31.12.2099 minimum longitude (x min in decimal degree): 5,79922100; maximum longitude (x max in decimal degree): 15,08954000; minimum latitude (y min in decimal degree): 47,15766000; maximum latitude (y max in decimal degree): 55,08484000

","[{""entity_group"": ""startTime"", ""word"": ""1961"", ""start"": 228, ""end"": 232}, {""entity_group"": ""endTime"", ""word"": ""2100"", ""start"": 235, ""end"": 239}, {""entity_group"": ""startTime"", ""word"": ""1961"", ""start"": 347, ""end"": 351}, {""entity_group"": ""endTime"", ""word"": ""2013"", ""start"": 354, ""end"": 358}, {""entity_group"": ""duration"", ""word"": ""daily"", ""start"": 374, ""end"": 379}, {""entity_group"": ""startTime"", ""word"": ""2011"", ""start"": 585, ""end"": 589}, {""entity_group"": ""endTime"", ""word"": ""2050"", ""start"": 592, ""end"": 596}, {""entity_group"": ""startTime"", ""word"": ""2011"", ""start"": 608, ""end"": 612}, {""entity_group"": ""endTime"", ""word"": ""2100"", ""start"": 615, ""end"": 619}, {""entity_group"": ""duration"", ""word"": ""monthly"", ""start"": 773, ""end"": 780}, {""entity_group"": ""duration"", ""word"": ""seasonal"", ""start"": 782, ""end"": 790}, {""entity_group"": ""duration"", ""word"": ""yearly"", ""start"": 792, ""end"": 798}, {""entity_group"": ""duration"", ""word"": ""multiyearly"", ""start"": 800, ""end"": 811}, {""entity_group"": ""startTime"", ""word"": ""01.01.1961"", ""start"": 1028, ""end"": 1038}, {""entity_group"": ""endTime"", ""word"": ""31.12.2099"", ""start"": 1041, ""end"": 1051}, {""entity_group"": ""longitude"", ""word"": ""5,79922100"", ""start"": 1097, ""end"": 1107}, {""entity_group"": ""longitude"", ""word"": ""15,08954000"", ""start"": 1154, ""end"": 1165}, {""entity_group"": ""latitude"", ""word"": ""47,15766000"", ""start"": 1211, ""end"": 1222}, {""entity_group"": ""latitude"", ""word"": ""55,08484000"", ""start"": 1268, ""end"": 1279}]",en,OpenAgrar,"Counter({'startTime': 5, 'endTime': 5, 'duration': 5, 'longitude': 2, 'latitude': 2})",19,10.3220/DATA/20180823-102429
102239.txt,"Title: 
Dataset for ""Towards an ecosystem capacity to stabilise organic carbon in soils""

Abstract:
This dataset includes the data that was used in the Global Change Biology publication ""Towards an ecosystem capacity to stabilise organic carbon in soils"" by Poeplau et al.. It contains two xlsx files, with dataset_full.xlsx including all sites with soil properties that were used in the first part of the manuscript. It is a combined dataset from several open source datasets with a total of 1396 individual sites. The file modelled_converged.xlsx includes the RothC model results of a total of 587 sites, for which modelling was possible and a convergence of measured and modelled data was reached. Both files include two sheets, one with a short explanation of the variable names and one data sheet.

","[{""entity_group"": ""soilOrganicCarbon"", ""word"": ""organic carbon"", ""start"": 64, ""end"": 78}, {""entity_group"": ""soilOrganicCarbon"", ""word"": ""organic carbon"", ""start"": 230, ""end"": 244}]",en,BonaRes,Counter({'soilOrganicCarbon': 2}),2,
62744.txt,"Title: 
Data to: Development and application of a molecular marker resource for improving drought stress tolerance in rye (Secale cereale L.)

Abstract:
Rye (Secale cereale L.) is an important cereal crop in Northern Europe and known for its outstanding tolerance to biotic and abiotic stress including drought. Although the application of next generation sequencing increased the genomic resources for rye significantly, only limited knowledge is yet available on transcripts involved in drought stress tolerance. To identify and map respective genes, transcription profiling combined with in silico mapping of drought-regulated transcripts was performed. Two elite inbred lines of a German hybrid breeding program were exposed to drought under controlled conditions. RNA-seq was performed on cDNA libraries from leaves and from a bulk comprising flag leaves, ears and shoots, respectively.  Each of these libraries was derived from both, a stressed and a well-watered variant, resulting in four libraries per genotype, i.e. eight libraries in total. The resulting sequence information supplemented the expressed sequence tag (EST) resource available for rye with 128,010 contigs (S1.fasta). Gene expression was quantified by DeepSuperSAGE tag-based transcription profiling and the response to stress of 47,842 transcripts was determined with respect to drought treatment, genotype and tissue (S3.tsv). In addition, 19,826 single nucleotide polymorphisms (SNP) between the two genotypes (S2.tsv) were detected in 4,437 of the differentially expressed genes (S4.fasta). The chromosomal location of 2,869 transcripts was predicted by comparative mapping using the genome zipper linear gene order model of cereals (S5.tsv). The gene expression data and polymorphisms established here provide a deeper insight in the molecular basis of drought stress response in rye (S6.tsv) and will help to further promote breeding for abiotic stress tolerance in rye and in closely related important cereals. To evaluate the data a bi-parental population was genotyped with the marker resource and phenotyped. Subsequently a genetic map was built (S7.tsv), and a QTL mapping conducted to prove the value of the newly developed resource.

","[{""entity_group"": ""cropSpecies"", ""word"": ""rye"", ""start"": 118, ""end"": 121}, {""entity_group"": ""cropSpecies"", ""word"": ""Secale cereale L."", ""start"": 123, ""end"": 140}, {""entity_group"": ""cropSpecies"", ""word"": ""Rye"", ""start"": 153, ""end"": 156}, {""entity_group"": ""cropSpecies"", ""word"": ""Secale cereale L."", ""start"": 158, ""end"": 175}, {""entity_group"": ""locationName"", ""word"": ""Northern Europe"", ""start"": 208, ""end"": 223}, {""entity_group"": ""cropSpecies"", ""word"": ""rye"", ""start"": 403, ""end"": 406}, {""entity_group"": ""cropSpecies"", ""word"": ""rye"", ""start"": 1156, ""end"": 1159}, {""entity_group"": ""cropSpecies"", ""word"": ""rye"", ""start"": 1860, ""end"": 1863}, {""entity_group"": ""cropSpecies"", ""word"": ""rye"", ""start"": 1947, ""end"": 1950}]",en,OpenAgrar,"Counter({'cropSpecies': 8, 'locationName': 1})",9,10.5073/20200803-174646
36149.txt,"Title: 
GHG-DB-Thuenen – Multi-variable experimental data set of agronomic data and gaseous soil emissions of energy crop cultivation at eight sites in Germany

Abstract:
The database (GHG-DB-Thuenen) contains gaseous emission data as well as agronomic variables and management activities for three years (2011/2012 – 2014/2015) at eight field trials in Germany derived from two joint research projects. The database was developed with Microsoft Access Database 2007-2016 and stores 43 million records. Multi-variable data sets consists of gas fluxes (carbon dioxide, nitrous dioxide, methane and ammonia), crop parameters (ontogenesis, aboveground biomass, grain and straw yield, N and C content, etc.), soil characteristics (nitrogen content, ammonium-N, nitrate-N, bulk density etc.), continuously recorded meteorological variables (air and soil temperatures, radiation, precipitation, etc.), management activities (sowing, harvest, soil tillage, fertilization, etc.), and its metadata (methods, further information about variables, etc.). In addition, N2 data were measured and analyzed. Also available are site-specific calculated C and N balances for the respective crops and crop rotations.

","[{""entity_group"": ""locationName"", ""word"": ""Germany"", ""start"": 152, ""end"": 159}, {""entity_group"": ""duration"", ""word"": ""three years"", ""start"": 293, ""end"": 304}, {""entity_group"": ""startTime"", ""word"": ""2011/2012"", ""start"": 306, ""end"": 315}, {""entity_group"": ""endTime"", ""word"": ""2014/2015"", ""start"": 318, ""end"": 327}, {""entity_group"": ""locationName"", ""word"": ""Germany"", ""start"": 354, ""end"": 361}, {""entity_group"": ""startTime"", ""word"": ""2007"", ""start"": 462, ""end"": 466}, {""entity_group"": ""endTime"", ""word"": ""2016"", ""start"": 467, ""end"": 471}, {""entity_group"": ""soilBulkDensity"", ""word"": ""bulk density"", ""start"": 768, ""end"": 780}]",en,OpenAgrar,"Counter({'locationName': 2, 'startTime': 2, 'endTime': 2, 'duration': 1, 'soilBulkDensity': 1})",8,10.3220/DATA20180201-080050
67631.txt,"Title: 
Segmentation of wine berries

Abstract:
Dataset contains high resolution images collected with a moving field phenotyping platform, the Phenoliner. 
 The collected images show 3 different varieties (Riesling, Felicia, Regent) in 2 different training systems (VSP=vertical shoot positioning and SMPH= semi minimal pruned hedges), collected in 2 points in time (before and after thinning) in 2018. For each image we provide a manual masks which allow the identification of single berries.
 The folder contains: 1. List with image details (imagename, acquisition date, year, variety, training system and variety number)and 2. Dataset folder with 2 subfolders, namely 1. img – 42 original RGB images and 2. lbl – 42 corresponding labels (manual annotation, with berry, edge, background definition)
 The data were used to train a neural network with the main goal to detect single berries in images. The method is described in detail in the specified papers.

","[{""entity_group"": ""cropSpecies"", ""word"": ""wine berries"", ""start"": 24, ""end"": 36}, {""entity_group"": ""cropVariety"", ""word"": ""Riesling"", ""start"": 207, ""end"": 215}, {""entity_group"": ""cropVariety"", ""word"": ""Felicia"", ""start"": 217, ""end"": 224}, {""entity_group"": ""cropVariety"", ""word"": ""Regent"", ""start"": 226, ""end"": 232}, {""entity_group"": ""startTime"", ""word"": ""2018."", ""start"": 398, ""end"": 403}]",en,OpenAgrar,"Counter({'cropVariety': 3, 'cropSpecies': 1, 'startTime': 1})",5,10.5073/20210308-154150
102130.txt,"Title: 
Root litter quality incubation experiment

Abstract:
The dataset contains data of a 2-year incubation experiment of C4 roots litter added to a C3 soil. The soil was sampled after 6, 12 and 24 months and fractionated into particulate organic carbon (POC) and mineral associated organic carbon (MAOC) and each fraction (plus the bulk soil) was measured for total carbon content as well as the abundance of the stable isotope 13C, to distinguish between old (native) and new (added) carbon. There are two files: One contains the raw data with measured C contents, delta 13C values, fraction weights and the subsequently calculated amounts of new and old carbon in all fractions. The second file is related to the first, but contains the final dataset which was used to produce the graphs and tables in the paper.

","[{""entity_group"": ""duration"", ""word"": ""2-year"", ""start"": 92, ""end"": 98}, {""entity_group"": ""duration"", ""word"": ""6"", ""start"": 187, ""end"": 188}, {""entity_group"": ""duration"", ""word"": ""12"", ""start"": 190, ""end"": 192}, {""entity_group"": ""duration"", ""word"": ""24 months"", ""start"": 197, ""end"": 206}, {""entity_group"": ""soilOrganicCarbon"", ""word"": ""particulate organic carbon"", ""start"": 229, ""end"": 255}, {""entity_group"": ""soilOrganicCarbon"", ""word"": ""POC"", ""start"": 257, ""end"": 260}, {""entity_group"": ""soilOrganicCarbon"", ""word"": ""mineral associated organic carbon"", ""start"": 266, ""end"": 299}, {""entity_group"": ""soilOrganicCarbon"", ""word"": ""MAOC"", ""start"": 301, ""end"": 305}]",en,BonaRes,"Counter({'duration': 4, 'soilOrganicCarbon': 4})",8,
102137.txt,"Title: 
Raw data for ""Plot-scale variability of organic carbon in temperate agricultural soils - Implications for soil monitoring""

Abstract:
This dataset is the raw data that belongs to a peer-reviewed study on the small-distance variability of soil organic carbon in agricultural soils in Germany. It consists of three different files. The first file gives the coordinates of the 16 soil cores that were taken at each of the 16 sites (eight cropland and eight grassland sites). The second file gives the soil properties measured at each individual core (n=16 per site) and the third file the soil properties measured at each indivdual soil profile (n=6 per site).

","[{""entity_group"": ""soilOrganicCarbon"", ""word"": ""organic carbon"", ""start"": 48, ""end"": 62}, {""entity_group"": ""soilOrganicCarbon"", ""word"": ""organic carbon"", ""start"": 251, ""end"": 265}, {""entity_group"": ""locationName"", ""word"": ""Germany"", ""start"": 291, ""end"": 298}]",en,BonaRes,"Counter({'soilOrganicCarbon': 2, 'locationName': 1})",3,
36710.txt,"Title: 
Three-year pesticide monitoring in ditches of the apple orchard region 'Altes Land'

Abstract:
The data presented in this file are related to the research article ‘Süß A,  Bischoff G, Mueller A, Buhr L (2006) Chemical and biological monitoring of the load of plant protection products and of zoocoenoses in ditches of the orchard region ‘Altes Land’. Nachrichtenblatt des Deutschen Pflanzenschutzdienstes 58:28-42’ which is only available in German language. The pesticide data presented here were acquired in four ditches in Lower Saxony, Germany (three ditches located in apple plantations, one ditch located in grassland) between 2001 and 2003. Two different monitoring strategies have been applied; event-driven sampling after pesticide applications and weekly integrated sampling using automatic water samplers. A total of 70 active substances have been monitored while farmers applied 25 active substances. LC-MS/MS (PE Sciex API 2000), GC-MS (Finnigan GCQ), GC coupled with electron capture detector (ECD) and inductively coupled plasma optical emission spectrometry (ICP-OES) were used for identification and quantification of the target substances.

","[{""entity_group"": ""duration"", ""word"": ""Three-year"", ""start"": 8, ""end"": 18}, {""entity_group"": ""cropSpecies"", ""word"": ""apple"", ""start"": 58, ""end"": 63}, {""entity_group"": ""locationName"", ""word"": ""Altes Land"", ""start"": 80, ""end"": 90}, {""entity_group"": ""locationName"", ""word"": ""Altes Land"", ""start"": 346, ""end"": 356}, {""entity_group"": ""locationName"", ""word"": ""Lower Saxony"", ""start"": 534, ""end"": 546}, {""entity_group"": ""locationName"", ""word"": ""Germany"", ""start"": 548, ""end"": 555}, {""entity_group"": ""cropSpecies"", ""word"": ""apple"", ""start"": 582, ""end"": 587}, {""entity_group"": ""startTime"", ""word"": ""2001"", ""start"": 641, ""end"": 645}, {""entity_group"": ""endTime"", ""word"": ""2003"", ""start"": 650, ""end"": 654}, {""entity_group"": ""duration"", ""word"": ""weekly"", ""start"": 766, ""end"": 772}]",en,OpenAgrar,"Counter({'locationName': 4, 'duration': 2, 'cropSpecies': 2, 'startTime': 1, 'endTime': 1})",10,10.5073/20180213-144359
102268.txt,"Title: 
Wheat field earthworms under divergent farming systems across a European climate gradient

Abstract:
Earthworm community metrics data collected during the years 2019 and 2020 from organically and conventionally managed wheat fields (188 fields in total) in nine pedo-climatic zones of Europe, together with associated site information on climate, soil properties and agricultural management of the fields.

","[{""entity_group"": ""cropSpecies"", ""word"": ""Wheat"", ""start"": 8, ""end"": 13}, {""entity_group"": ""startTime"", ""word"": ""2019"", ""start"": 169, ""end"": 173}, {""entity_group"": ""endTime"", ""word"": ""2020"", ""start"": 178, ""end"": 182}, {""entity_group"": ""cropSpecies"", ""word"": ""wheat"", ""start"": 227, ""end"": 232}, {""entity_group"": ""locationName"", ""word"": ""Europe"", ""start"": 293, ""end"": 299}]",en,BonaRes,"Counter({'cropSpecies': 2, 'startTime': 1, 'endTime': 1, 'locationName': 1})",5,
100184.txt,"Title: 
Dataset: Residues of boscalid and pyraclostrobin in several bee matrices along the transfer pathway from plants to larvae

Abstract:
The data set contains the raw data for the corresponding publication Wueppenhorst et al. (2024) https://doi.org/10.1016/j.cub.2024.10.008 Residues of two commonly used fungicides (boscalid and pyraclostrobin) were measured in several bee matrices along a transfer pathway from plants to larvae. The samples were collected simultaneously at five different locations in Germany (Bochum, Braunschweig, Celle, Hohenheim, Veitshöchheim) from spring 2022 to spring 2023. Therefore a field study was carried out in which honey bee colonies were placed to oilseed rape (Brassica napus, OSR) fields. The formulation Pictor® Active was applied to the treatment field site according to label instructions at the maximum field recommended rate of 1 L (product)/ha. No applications were conducted at a second field site, which was designated as the negative control. Samples of plant inflorescences, honey bee pollen baskets, honey sacs, stored pollen and nectar, in-hive bees, larval food jelly (royal, worker, and drone jelly), and larvae (queen, worker, and drone larvae) were collected in a time dependent interval and analyzed for residues of the active ingredients. The data set contains all raw data of the measured residue concentrations within each sample. Detailed information about the sampling and methodology can be found in the corresponding publication.

","[{""entity_group"": ""locationName"", ""word"": ""Germany"", ""start"": 509, ""end"": 516}, {""entity_group"": ""locationName"", ""word"": ""Bochum"", ""start"": 518, ""end"": 524}, {""entity_group"": ""locationName"", ""word"": ""Braunschweig"", ""start"": 526, ""end"": 538}, {""entity_group"": ""locationName"", ""word"": ""Celle"", ""start"": 540, ""end"": 545}, {""entity_group"": ""locationName"", ""word"": ""Hohenheim"", ""start"": 547, ""end"": 556}, {""entity_group"": ""locationName"", ""word"": ""Veitshöchheim"", ""start"": 558, ""end"": 571}, {""entity_group"": ""startTime"", ""word"": ""spring 2022"", ""start"": 578, ""end"": 589}, {""entity_group"": ""endTime"", ""word"": ""spring 2023"", ""start"": 593, ""end"": 604}, {""entity_group"": ""cropSpecies"", ""word"": ""rape"", ""start"": 697, ""end"": 701}, {""entity_group"": ""cropSpecies"", ""word"": ""Brassica napus"", ""start"": 703, ""end"": 717}]",en,BonaRes,"Counter({'locationName': 6, 'cropSpecies': 2, 'startTime': 1, 'endTime': 1})",10,
